RU1TR19UQUJfVE9PTFRJUF9CQVNJQw==,bmFu,QmFzaWMgRW1vdGlvbg==
RU1TR19UQUJfVE9PTFRJUF9QVVJDSEFTRQ==,bmFu,UHVyY2hhc2U=
RU1TR19UQUJfVE9PTFRJUF9VTlBVUkNIQVNFRA==,bmFu,Tm90IFB1cmNoYXNlZA==
RU1TR19UQUJfVE9PTFRJUF9TRUFSQ0g=,bmFu,U2VhcmNo
RU1TR19DQVNIX0VNT1RJT05fRlJFRV9QVVJDSEFTRV9RVUVTVElPTg==,IjIwdGggQW5uaXZlcnNhcnkiIGVtb3Rpb24gZnJlZSBwdXJjaGFzZSBxdWVzdGlvbg==,V291bGQgeW91IGxpa2UgdG8gcHVyY2hhc2UgdGhlICJ7MH0iIGVtb3Rpb24gZm9yIGZyZWU/
RU1TR19DQVNIX0VNT1RJT05fUFVSQ0hBU0VfUVVFU1RJT04=,IjIwdGggQW5uaXZlcnNhcnkiIGVtb3Rpb24gcHVyY2hhc2UgcXVlc3Rpb24gd2l0aCAxMCBOeWFuZ3ZpbmU=,V291bGQgeW91IGxpa2UgdG8gcHVyY2hhc2UgdGhlICJ7MH0iIGVtb3Rpb24gd2l0aCB7MX0gTnlhbmd2aW5lIGZydWl0cz8gXG5eRkYyOTMxIFVzZWQgTnlhbmd2aW5lIGZydWl0cyBhcmUgbm90IGVsaWdpYmxlIGZvciByZWZ1bmRzLg==
RU1TR19TRUFSQ0hfV05EX0JBU0lDX1RJVExF,bmFu,QmFzaWMgRW1vdGlvbg==
RU1TR19TRUFSQ0hfV05EX1BVUkNIQVNFX1RJVExF,bmFu,UHVyY2hhc2VkIEVtb3Rpb24=
RU1TR19TRUFSQ0hfV05EX1VOUFVSQ0hBU0VEX1RJVExF,bmFu,VW5wdXJjaGFzZWQgRW1vdGlvbg==
RU1TR19QVVJDSEFTRV9GUkVFX1BSSUNF,RnJlZQ==,RnJlZQ==
RU1TR19QVVJDSEFTRV9QUklDRQ==,MTAgZWE=,e30gZWE=
RU1TR19FUFRfQkFTSUM=,bmFu,QmFzaWMgRW1vdGlvbg==
RU1TR19FUFRfVEVTVDE=,bmFu,VGVzdDE=
RU1TR19FUFRfVEVTVDI=,bmFu,VGVzdDI=
RU1TR19FUFRfVEVTVDM=,bmFu,VGVzdDM=
RU1TR19FUFRfVEVTVDQ=,bmFu,VGVzdDQ=
RU1TR19FVF9DVVNUT01fMQ==,bmFu,L2N1c3RvbTE=
RU1TR19FVF9DVVNUT01fMg==,bmFu,L2N1c3RvbTI=
RU1TR19FVF9DVVNUT01fMw==,bmFu,L2N1c3RvbTM=
RU1TR19FVF9DVVNUT01fNA==,bmFu,L2N1c3RvbTQ=
RU1TR19FVF9DVVNUT01fNQ==,bmFu,L2N1c3RvbTU=
RU1TR19FVF9DVVNUT01fNg==,bmFu,L2N1c3RvbTY=
RU1TR19FVF9DVVNUT01fNw==,bmFu,L2N1c3RvbTc=
RU1TR19FVF9DVVNUT01fOA==,bmFu,L2N1c3RvbTg=
RU1TR19FVF9DVVNUT01fOQ==,bmFu,L2N1c3RvbTk=
RU1TR19FVF9DVVNUT01fMTA=,bmFu,L2N1c3RvbTEw
RU1TR19FUFRfSEFMTE9XRUVOXzIwMjM=,bmFu,SGFsbG93ZWVu
RU1TR19TVU5SSVNF,bmFu,L3NyaXNl
RU1TR19IQUxMT1dFRU5fMjAyM19DVVNUT01fMQ==,bmFu,L3NzZXQ=
RU1TR19FUFRfMjFTVF9BTk5JVkVSU0FSWV82,bmFu,L3NpZ2h0
RU1TR19FUFRfMjFTVF9BTk5JVkVSU0FSWV83,bmFu,L2NoYXJhbg==
RU1TR19FUFRfMjFTVF9BTk5JVkVSU0FSWV84,bmFu,L2JpbmdsZQ==
RU1TR19FUFRfMjFTVF9BTk5JVkVSU0FSWV85,bmFu,L2V4Y2l0ZWQ=
RU1TR19FUFRfMjFTVF9BTk5JVkVSU0FSWV8xMA==,bmFu,L3JlbWVt
RU1TR19FUFRfMjFTVF9BTk5JVkVSU0FSWQ==,bmFu,QmlydGhkYXk=
RU1TR19IQUxMT1dFRU5fMjAyM18x,bmFu,L2hsMQ==
RU1TR19FTU9USU9OX0VYUEFOVElPTl9OT1RfRU5PVUdIX05ZQU5HVklORQ==,bmFu,Tm90IGVub3VnaCBOeWFuZ3ZpbmUu
RU1TR19FTU9USU9OX0VYUEFOVElPTl9GQUlMX0RBVEU=,bmFu,U2FsZSBwZXJpb2QgaGFzIGVuZGVkLg==
RU1TR19FTU9USU9OX0VYUEFOVElPTl9GQUlMX0FMUkVBRFlfQlVZ,bmFu,RW1vdGlvbiBhbHJlYWR5IHB1cmNoYXNlZC4=
RU1TR19FTU9USU9OX0VYUEFOVElPTl9GQUlMX0FOT1RIRVJfU0FMRV9CVVk=,bmFu,RW1vdGlvbiBhbHJlYWR5IHB1cmNoYXNlZCB0aHJvdWdoIGFub3RoZXIgc2FsZSB0eXBlLg==
RU1TR19FTU9USU9OX0VYUEFOVElPTl9GQUlMX1VOS05PV04=,bmFu,RmFpbGVkIHRvIHB1cmNoYXNlIGVtb3Rpb24u
RU1TR19FTU9USU9OX0VYUEFOVElPTl9CVVlfU1VDQ0VTUw==,bmFu,RW1vdGlvbiBwdXJjaGFzZSBzdWNjZXNzZnVsLg==
RU1TR19FTU9USU9OX0VYUEFOVElPTl9VU0VfRkFJTF9EQVRF,bmFu,RW1vdGlvbiB1c2FnZSBwZXJpb2QgaGFzIGVuZGVkLg==
RU1TR19FTU9USU9OX0VYUEFOVElPTl9VU0VfRkFJTF9VTlBVUkNIQVNFRA==,bmFu,VW5wdXJjaGFzZWQgZW1vdGlvbnMgY2Fubm90IGJlIHVzZWQu
RU1TR19FTU9USU9OX0VYUEFOVElPTl9VU0VfRkFJTF9VTktOT1dO,bmFu,VW5rbm93biBlcnJvciBwcmV2ZW50ZWQgZW1vdGlvbiB1c2FnZS4=
RU1TR19FTU9USU9OX0VYUEFOVElPTl9OT1RfRU5PVUdIX0JBU0lDU0tJTExfTEVWRUw=,bmFu,UmVxdWlyZWQgYmFzaWMgc2tpbGwgbGV2ZWwgbm90IG1ldCB0byBwdXJjaGFzZSBlbW90aW9uLg==
RU1TR19FTU9USU9OX1VTRV9GQUlMX1NLSUxMX0xFVkVM,bmFu,UmVxdWlyZWQgYmFzaWMgc2tpbGwgbGV2ZWwgbm90IG1ldCB0byB1c2UgZW1vdGlvbi4=
RU1TR19FTU9USU9OX1VTRUFCTEVfRVhQSVJFX1RJTUU=,UmVtYWluaW5nIHRpbWUgWzAwIGRheXMgMDAgaG91cnMgMDAgbWludXRlc10=,UmVtYWluaW5nIHRpbWUgW3swOjAyfSBkYXlzIHsxOjAyfSBob3VycyB7MjowMn0gbWludXRlc10=
RU1TR19FTU9USU9OX1NBTEVfRU5EX1RJTUU=,U2FsZSBwZXJpb2QgWzIwMjMvMTIvMzEgMDA6MDBd,U2FsZSBwZXJpb2QgW3swOjA0fS97MTowMn0vezI6MDJ9IHszOjAyfTp7NDowMn1d
RU1TR19FTU9USU9OX0VYUElSRV9VU0VBQkxFX1RJTUU=,bmFu,VGhlIHVzYWdlIHBlcmlvZCBmb3IgdGhlIHt9IGVtb3Rpb24gaGFzIGV4cGlyZWQu
RU1TR19OT1RJQ0VfU0FMRV9TVEFSVA==,bmFu,U2FsZSBmb3Ige30gZW1vdGlvbiBoYXMgc3RhcnRlZC4=
RU1TR19OT1RJQ0VfU0FMRV9FTkQ=,bmFu,U2FsZSBmb3Ige30gZW1vdGlvbiBoYXMgZW5kZWQu
RU1TR19QRVJJT0RfT0ZfVVNF,Rm9yIHRpbWUtYmFzZWQgZW1vdGlvbiBwdXJjaGFzZSB1c2FnZSBkaXNwbGF5,Q2FuIGJlIHVzZWQgZm9yIHt9IGRheXMgYWZ0ZXIgcHVyY2hhc2Uu
RU1TR19QRVJJT0RfT0ZfTEFTVF9USU1F,Rm9yIGxhc3QtbWludXRlIGRpc3BsYXkgZm9yIHRpbWUtYmFzZWQgZW1vdGlvbiBzeW5jaHJvbml6YXRpb24gaXNzdWVz,UmVtYWluaW5nIHRpbWUgW0xlc3MgdGhhbiAxIG1pbnV0ZV0=
RU1TR19FUFRfMjAyM0NIVVNFT0s=,bmFu,Q2h1c2Vvaw==
RU1TR19FUFRfMjAyM1RIWEdJVklORw==,bmFu,VGhhbmtzZ2l2aW5n
RU1TR19OT1RfWUVUX1NBTEVfU1RBUlRfVElNRQ==,Rm9yIHdoZW4gZW1vdGlvbiBzYWxlIHBlcmlvZCBoYXMgbm90IHN0YXJ0ZWQgeWV0,Tm90IGF2YWlsYWJsZSBmb3IgcHVyY2hhc2UgeWV0Lg==
RU1TR19IT1RLRVlfWVVUMQ==,bmFu,L3l1dA==
RU1TR19FUlJfU0FMRV9UWVBF,bmFu,U2FsZSB0eXBlICh7fSkgZG9lcyBub3QgbWF0Y2gu
RU1TR19FUlJfREFURV9UWVBF,bmFu,U2FsZSBwZXJpb2QgKHt9KSBkb2VzIG5vdCBtYXRjaC4=
RU1TR19FUlJfVVNFX1RJTUU=,bmFu,VXNhZ2UgcGVyaW9kICh7fSkgZG9lcyBub3QgbWF0Y2gu
